{"cameraMode":{"drawMode":0,"name":"Shaded","section":"Shading Mode"},"sceneLighting":false,"audioPlay":false,"sceneViewState":{"m_AlwaysRefresh":false,"showFog":true,"showSkybox":false,"showFlares":true,"showImageEffects":true,"showParticleSystems":true,"showVisualEffectGraphs":true,"m_FxEnabled":true},"in2DMode":false,"pivot":{"x":0.39338016510009768,"y":1.1105071306228638,"z":-2.345065116882324},"rotation":{"x":-0.048397552222013476,"y":0.9037884473800659,"z":-0.10622841119766236,"w":-0.4117649793624878},"size":2.1525778770446779,"orthographic":true}