{"cameraMode":{"drawMode":0,"name":"Shaded","section":"Shading Mode"},"sceneLighting":false,"audioPlay":false,"sceneViewState":{"m_AlwaysRefresh":false,"showFog":true,"showSkybox":false,"showFlares":true,"showImageEffects":true,"showParticleSystems":true,"showVisualEffectGraphs":true,"m_FxEnabled":true},"in2DMode":false,"pivot":{"x":-0.0007352828979492188,"y":1.5320000648498536,"z":0.8000882863998413},"rotation":{"x":0.04594876244664192,"y":0.15105071663856507,"z":-0.007030837703496218,"w":0.9874376058578491},"size":1.7237679958343506,"orthographic":true}