{"cameraMode":{"drawMode":0,"name":"Shaded","section":"Shading Mode"},"sceneLighting":false,"audioPlay":false,"sceneViewState":{"m_AlwaysRefresh":false,"showFog":true,"showSkybox":false,"showFlares":true,"showImageEffects":true,"showParticleSystems":true,"showVisualEffectGraphs":true,"m_FxEnabled":true},"in2DMode":false,"pivot":{"x":163.8314208984375,"y":71.32225036621094,"z":179.64141845703126},"rotation":{"x":-0.0389828085899353,"y":-0.02068592980504036,"z":0.0008098450489342213,"w":-0.9990350008010864},"size":2.8054423332214357,"orthographic":true}